fullName,phone,email,citizenId
Nguyễn Văn An,0901234567,an.nguyenvan@gmail.com,012345678901
Trần Thị Bình,0912345678,binh.tranthi@gmail.com,023456789012
Lê Hoàng Cường,0983456789,cuong.lehoang@gmail.com,034567890123
Phạm Minh Đức,0324567890,duc.phamminh@gmail.com,045678901234
Hoàng Thanh Hải,0905678901,hai.hoangthanh@gmail.com,056789012345
Vũ Bích Hồng,0916789012,hong.vubich@gmail.com,067890123456
Phan Cao Cường,0987890123,cuong.phancao@gmail.com,078901234567
Đỗ Tiến Dũng,0358901234,dung.dotien@gmail.com,089012345678
Bùi Ngọc Anh,0909012345,anh.buingoc@gmail.com,090123456789
Đặng Tuấn Anh,0919123456,anh.dangtuan@gmail.com,011223344556
Ngô Thị Mai,0989234567,mai.ngothi@gmail.com,022334455667
Dương Văn Nam,0379345678,nam.duongvan@gmail.com,033445566778
Lý Thu Thảo,0909456789,thao.lythu@gmail.com,044556677889
Đinh Công Tráng,0919567890,trans.dinhcong@gmail.com,055667788990
Lâm Mỹ Linh,0989678901,linh.lammy@gmail.com,066778899001
Phùng Quang Hải,0399789012,hai.phungquang@gmail.com,077889900112
Mai Xuân Trường,0909890123,truong.maixuan@gmail.com,088990011223
Trịnh Kim Chi,0919901234,chi.trinhkim@gmail.com,099001122334
Hà Quốc Bảo,0989012345,bao.haquoc@gmail.com,010101010101
Lương Thu Trang,0329123456,trang.luongthu@gmail.com,020202020202
Nguyễn Đức Toàn,0909234567,toan.nguyenduc@gmail.com,030303030303
Trần Thanh Tâm,0919345678,tam.tranthanh@gmail.com,040404040404
Lê Thị Hạnh,0989456789,hanh.lethi@gmail.com,050505050505
Phạm Hữu Phước,0339567890,phuoc.phamhuu@gmail.com,060606060606
Hoàng Gia Bảo,0909678901,bao.hoanggia@gmail.com,070707070707
Vũ Hoài Nam,0919789012,nam.vuhoai@gmail.com,080808080808
Phan Ngọc Diệp,0989890123,diep.phanngoc@gmail.com,090909090909
Đỗ Duy Mạnh,0349901234,manh.doduy@gmail.com,012121212121
Bùi Tấn Tài,0909012346,tai.buitan@gmail.com,023232323232
Đặng Văn Lâm,0919123457,lam.dangvan@gmail.com,034343434343
Ngô Hoàng Thịnh,0989234568,thinh.ngohoang@gmail.com,045454545454
Dương Hồng Sơn,0369345679,son.duonghong@gmail.com,056565656565
Lý Minh Triết,0909456780,triet.lyminh@gmail.com,067676767676
Đinh Thanh Trung,0919567891,trung.dinhthanh@gmail.com,078787878787
Lâm Quang Vinh,0989678902,vinh.lamquang@gmail.com,089898989898
Phùng Ngọc Trinh,0389789013,trinh.phungngoc@gmail.com,091919191919
Mai Cát Phượng,0909890124,phuong.maicat@gmail.com,013131313131
Trịnh Gia Hưng,0919901235,hung.trinhgia@gmail.com,024242424242
Hà Huy Tập,0989012346,tap.hahuy@gmail.com,035353535353
Lương Văn Can,0329123457,can.luongvan@gmail.com,046464646464
Nguyễn Hữu Cảnh,0909234568,canh.nguyenhuu@gmail.com,057575757575
Trần Văn Giàu,0919345679,giau.tranvan@gmail.com,068686868686
Lê Văn Hưu,0989456780,huu.levan@gmail.com,079797979797
Phạm Văn Đồng,0339567891,dong.phamvan@gmail.com,081818181818
Hoàng Diệu,0909678902,dieu.hoang@gmail.com,092929292929
Vũ Trọng Phụng,0919789013,phung.vutrong@gmail.com,014141414141
Phan Bội Châu,0989890124,chau.phanboi@gmail.com,025252525252
Đỗ Chiêu Anh,0349901235,anh.dochieu@gmail.com,036363636363
Bùi Quang Chiêu,0909012347,chieu.buiquang@gmail.com,047474747474
Đặng Đức Siêu,0919123458,sieu.dangduc@gmail.com,058585858585
